parameterId	parameterName	parameterScale	lowerBound	upperBound	nominalValue	estimate	priorType	priorParameters	HierarchicalOptimization (optional)
NN	NN	log10	1e-05	100000.0	480.0000000269821	0			
T0	T0	log10	1e-05	100000.0	11000.000001058093	0			
c	c	log10	1e-05	100000.0	2.0600000001463155	1			
delta	delta	log10	1e-05	100000.0	0.5299999999990371	1			
K0	K0	log10	1e-05	100000.0	3.8999999997620417e-07	0			
sigma_task0_model0_perelson1_V	sigma_task0_model0_perelson1_V	log10	1e-10	10000000000.0	100000.0	1			
